PRAGMA foreign_keys=OFF;
BEGIN TRANSACTION;
CREATE TABLE IF NOT EXISTS "django_migrations" ("id" integer NOT NULL PRIMARY KEY AUTOINCREMENT, "app" varchar(255) NOT NULL, "name" varchar(255) NOT NULL, "applied" datetime NOT NULL);
INSERT INTO django_migrations VALUES(1,'contenttypes','0001_initial','2025-09-04 18:09:09.210005');
INSERT INTO django_migrations VALUES(2,'contenttypes','0002_remove_content_type_name','2025-09-04 18:09:09.212390');
INSERT INTO django_migrations VALUES(3,'auth','0001_initial','2025-09-04 18:09:09.216566');
INSERT INTO django_migrations VALUES(4,'auth','0002_alter_permission_name_max_length','2025-09-04 18:09:09.218842');
INSERT INTO django_migrations VALUES(5,'auth','0003_alter_user_email_max_length','2025-09-04 18:09:09.220622');
INSERT INTO django_migrations VALUES(6,'auth','0004_alter_user_username_opts','2025-09-04 18:09:09.224266');
INSERT INTO django_migrations VALUES(7,'auth','0005_alter_user_last_login_null','2025-09-04 18:09:09.226204');
INSERT INTO django_migrations VALUES(8,'auth','0006_require_contenttypes_0002','2025-09-04 18:09:09.226754');
INSERT INTO django_migrations VALUES(9,'auth','0007_alter_validators_add_error_messages','2025-09-04 18:09:09.228202');
INSERT INTO django_migrations VALUES(10,'auth','0008_alter_user_username_max_length','2025-09-04 18:09:09.230034');
INSERT INTO django_migrations VALUES(11,'auth','0009_alter_user_last_name_max_length','2025-09-04 18:09:09.231781');
INSERT INTO django_migrations VALUES(12,'auth','0010_alter_group_name_max_length','2025-09-04 18:09:09.233927');
INSERT INTO django_migrations VALUES(13,'auth','0011_update_proxy_permissions','2025-09-04 18:09:09.235942');
INSERT INTO django_migrations VALUES(14,'auth','0012_alter_user_first_name_max_length','2025-09-04 18:09:09.237637');
INSERT INTO django_migrations VALUES(15,'core','0001_initial','2025-09-04 18:09:09.241703');
INSERT INTO django_migrations VALUES(16,'admin','0001_initial','2025-09-04 18:09:09.244983');
INSERT INTO django_migrations VALUES(17,'admin','0002_logentry_remove_auto_add','2025-09-04 18:09:09.248252');
INSERT INTO django_migrations VALUES(18,'admin','0003_logentry_add_action_flag_choices','2025-09-04 18:09:09.250517');
INSERT INTO django_migrations VALUES(19,'core','0002_regimenfiscal_cliente','2025-09-04 18:09:09.255322');
INSERT INTO django_migrations VALUES(20,'core','0003_cliente_ciudad_cliente_direccion_entrega_and_more','2025-09-04 18:09:09.270458');
INSERT INTO django_migrations VALUES(21,'core','0004_proveedor','2025-09-04 18:09:09.275831');
INSERT INTO django_migrations VALUES(22,'core','0005_transportista','2025-09-04 18:09:09.280190');
INSERT INTO django_migrations VALUES(23,'core','0006_loteorigen','2025-09-04 18:09:09.284765');
INSERT INTO django_migrations VALUES(24,'core','0007_clasificaciongasto','2025-09-04 18:09:09.290590');
INSERT INTO django_migrations VALUES(25,'core','0008_centrocosto','2025-09-04 18:09:09.295509');
INSERT INTO django_migrations VALUES(26,'core','0009_productoservicio','2025-09-04 18:09:09.301690');
INSERT INTO django_migrations VALUES(27,'core','0010_alter_productoservicio_unidad_medida','2025-09-04 18:09:09.308466');
INSERT INTO django_migrations VALUES(28,'core','0011_configuracionsistema','2025-09-04 18:09:09.313909');
INSERT INTO django_migrations VALUES(29,'core','0012_alter_configuracionsistema_ciclo_actual_and_more','2025-09-04 18:09:09.333567');
INSERT INTO django_migrations VALUES(30,'core','0013_cultivo','2025-09-04 18:09:09.340037');
INSERT INTO django_migrations VALUES(31,'core','0014_alter_cultivo_usuario_creacion_and_more','2025-09-04 18:09:09.349785');
INSERT INTO django_migrations VALUES(32,'core','0015_remision_remisiondetalle_and_more','2025-09-04 18:09:09.412194');
INSERT INTO django_migrations VALUES(33,'core','0016_fix_peso_promedio_field','2025-09-04 18:09:09.420427');
INSERT INTO django_migrations VALUES(34,'core','0017_increase_decimal_fields_precision','2025-09-04 18:09:09.459724');
INSERT INTO django_migrations VALUES(35,'core','0018_round_decimal_fields_to_2_places','2025-09-04 18:09:09.506126');
INSERT INTO django_migrations VALUES(36,'core','0019_alter_remisiondetalle_peso_promedio','2025-09-04 18:09:09.514341');
INSERT INTO django_migrations VALUES(37,'core','0020_remision_liquidada','2025-09-04 18:09:09.523394');
INSERT INTO django_migrations VALUES(38,'core','0021_auto_20250903_1308','2025-09-04 18:09:09.530672');
INSERT INTO django_migrations VALUES(39,'core','0022_remisiondetalle_fecha_liquidacion_and_more','2025-09-04 18:09:09.546519');
INSERT INTO django_migrations VALUES(40,'core','0023_remision_cancelada_remision_fecha_cancelacion_and_more','2025-09-04 18:09:09.579422');
INSERT INTO django_migrations VALUES(41,'core','0024_remision_facturado_remision_pagado','2025-09-04 18:09:09.597198');
INSERT INTO django_migrations VALUES(42,'sessions','0001_initial','2025-09-04 18:09:09.598903');
INSERT INTO django_migrations VALUES(43,'core','0025_cuentabancaria','2025-09-10 00:06:48.444001');
INSERT INTO django_migrations VALUES(44,'core','0026_configuracionsistema_certificado_nombre_and_more','2025-09-10 00:59:29.032169');
INSERT INTO django_migrations VALUES(45,'core','0027_pagoremision','2025-09-10 01:05:55.416616');
INSERT INTO django_migrations VALUES(46,'core','0028_remision_fecha_pago','2025-09-10 01:19:05.255919');
INSERT INTO django_migrations VALUES(47,'core','0029_alter_pagoremision_cuenta_bancaria','2025-09-10 01:19:29.125020');
INSERT INTO django_migrations VALUES(48,'core','0030_presupuesto_gasto','2025-09-10 17:06:37.266622');
INSERT INTO django_migrations VALUES(49,'core','0031_alter_presupuestogasto_options_presupuesto_and_more','2025-09-10 17:59:10.808990');
INSERT INTO django_migrations VALUES(50,'core','0032_gasto_gastodetalle_gasto_gastos_presupu_5346b6_idx_and_more','2025-09-10 19:01:11.873692');
INSERT INTO django_migrations VALUES(51,'core','0033_add_empresa_fields','2025-09-10 23:24:04.766898');
INSERT INTO django_migrations VALUES(52,'core','0034_add_logo_empresa_field','2025-09-10 23:42:49.076505');
INSERT INTO django_migrations VALUES(53,'core','0035_emisor','2025-09-12 21:14:50.620138');
INSERT INTO django_migrations VALUES(54,'core','0036_emisor_contrato_emisor_nombre_pac_and_more','2025-09-12 21:38:33.241196');
INSERT INTO django_migrations VALUES(55,'core','0037_add_timbrado_prueba_to_emisor','2025-09-12 22:18:26.342020');
INSERT INTO django_migrations VALUES(56,'core','0038_add_regimen_fiscal_to_emisor','2025-09-13 00:00:47.614599');
INSERT INTO django_migrations VALUES(57,'core','0039_add_factura_models','2025-09-13 00:56:18.654977');
INSERT INTO django_migrations VALUES(58,'core','0040_add_serie_to_emisor','2025-09-13 01:35:25.677434');
INSERT INTO django_migrations VALUES(59,'core','0041_add_cancelada_to_factura','2025-09-13 02:02:31.055264');
INSERT INTO django_migrations VALUES(60,'core','0042_add_timbrado_fields_to_factura','2025-09-17 19:41:26.716364');
INSERT INTO django_migrations VALUES(61,'core','0043_configuracionsistema_ultima_actualizacion_catalogos','2025-09-17 20:31:40.613578');
INSERT INTO django_migrations VALUES(62,'core','0044_change_certificate_storage','2025-09-17 21:19:42.214235');
INSERT INTO django_migrations VALUES(63,'core','0045_add_nombre_archivos_emisor','2025-09-17 22:13:50.192289');
INSERT INTO django_migrations VALUES(64,'core','0046_fix_decimal_places_impuestos','2025-09-18 00:22:15.416091');
INSERT INTO django_migrations VALUES(65,'core','0047_cfdi_4_0_anexo_20_fields','2025-09-18 00:34:36.901251');
INSERT INTO django_migrations VALUES(66,'core','0048_fix_cantidad_max_digits','2025-09-18 00:55:03.020688');
INSERT INTO django_migrations VALUES(67,'core','0049_fix_totales_decimal_places','2025-09-18 00:57:03.250792');
INSERT INTO django_migrations VALUES(68,'core','0050_update_uso_cfdi_choices','2025-09-18 21:48:38.966061');
INSERT INTO django_migrations VALUES(69,'core','0051_add_informacion_global_fields','2025-09-18 21:57:58.394795');
INSERT INTO django_migrations VALUES(70,'core','0052_add_codigo_qr_field','2025-09-18 23:26:59.116189');
INSERT INTO django_migrations VALUES(71,'core','0053_add_cadena_original_sat_field','2025-09-18 23:47:07.063545');
INSERT INTO django_migrations VALUES(72,'core','0054_add_pago_factura_model','2025-09-19 19:24:20.764365');
INSERT INTO django_migrations VALUES(73,'core','0055_add_timbrado_fields_to_pago_factura','2025-09-22 21:34:16.257585');
INSERT INTO django_migrations VALUES(74,'core','0056_pagofactura_num_parcialidad','2025-09-23 00:38:15.855301');
INSERT INTO django_migrations VALUES(75,'core','0057_pagofactura_forma_pago','2025-09-23 00:42:15.693815');
INSERT INTO django_migrations VALUES(76,'core','0058_pagofactura_cadena_original_sat_and_more','2025-09-23 01:11:51.538435');
INSERT INTO django_migrations VALUES(77,'administracion','0001_initial','2025-09-24 22:09:13.137269');
INSERT INTO django_migrations VALUES(78,'administracion','0002_usuarioadministracion','2025-09-24 22:09:13.139424');
CREATE TABLE IF NOT EXISTS "django_content_type" ("id" integer NOT NULL PRIMARY KEY AUTOINCREMENT, "app_label" varchar(100) NOT NULL, "model" varchar(100) NOT NULL);
INSERT INTO django_content_type VALUES(1,'admin','logentry');
INSERT INTO django_content_type VALUES(2,'auth','permission');
INSERT INTO django_content_type VALUES(3,'auth','group');
INSERT INTO django_content_type VALUES(4,'contenttypes','contenttype');
INSERT INTO django_content_type VALUES(5,'sessions','session');
INSERT INTO django_content_type VALUES(6,'core','usuario');
INSERT INTO django_content_type VALUES(7,'core','regimenfiscal');
INSERT INTO django_content_type VALUES(8,'core','cliente');
INSERT INTO django_content_type VALUES(9,'core','proveedor');
INSERT INTO django_content_type VALUES(10,'core','transportista');
INSERT INTO django_content_type VALUES(11,'core','loteorigen');
INSERT INTO django_content_type VALUES(12,'core','clasificaciongasto');
INSERT INTO django_content_type VALUES(13,'core','centrocosto');
INSERT INTO django_content_type VALUES(14,'core','productoservicio');
INSERT INTO django_content_type VALUES(15,'core','configuracionsistema');
INSERT INTO django_content_type VALUES(16,'core','cultivo');
INSERT INTO django_content_type VALUES(17,'core','remision');
INSERT INTO django_content_type VALUES(18,'core','remisiondetalle');
INSERT INTO django_content_type VALUES(19,'core','cuentabancaria');
INSERT INTO django_content_type VALUES(20,'core','pagoremision');
INSERT INTO django_content_type VALUES(21,'core','presupuestogasto');
INSERT INTO django_content_type VALUES(22,'core','presupuesto');
INSERT INTO django_content_type VALUES(23,'core','presupuestodetalle');
INSERT INTO django_content_type VALUES(24,'core','gasto');
INSERT INTO django_content_type VALUES(25,'core','gastodetalle');
INSERT INTO django_content_type VALUES(26,'core','emisor');
INSERT INTO django_content_type VALUES(27,'core','factura');
INSERT INTO django_content_type VALUES(28,'core','facturadetalle');
INSERT INTO django_content_type VALUES(29,'core','pagofactura');
INSERT INTO django_content_type VALUES(30,'administracion','empresa');
INSERT INTO django_content_type VALUES(31,'administracion','usuarioadministracion');
CREATE TABLE IF NOT EXISTS "auth_group_permissions" ("id" integer NOT NULL PRIMARY KEY AUTOINCREMENT, "group_id" integer NOT NULL REFERENCES "auth_group" ("id") DEFERRABLE INITIALLY DEFERRED, "permission_id" integer NOT NULL REFERENCES "auth_permission" ("id") DEFERRABLE INITIALLY DEFERRED);
CREATE TABLE IF NOT EXISTS "auth_permission" ("id" integer NOT NULL PRIMARY KEY AUTOINCREMENT, "content_type_id" integer NOT NULL REFERENCES "django_content_type" ("id") DEFERRABLE INITIALLY DEFERRED, "codename" varchar(100) NOT NULL, "name" varchar(255) NOT NULL);
INSERT INTO auth_permission VALUES(1,1,'add_logentry','Can add log entry');
INSERT INTO auth_permission VALUES(2,1,'change_logentry','Can change log entry');
INSERT INTO auth_permission VALUES(3,1,'delete_logentry','Can delete log entry');
INSERT INTO auth_permission VALUES(4,1,'view_logentry','Can view log entry');
INSERT INTO auth_permission VALUES(5,2,'add_permission','Can add permission');
INSERT INTO auth_permission VALUES(6,2,'change_permission','Can change permission');
INSERT INTO auth_permission VALUES(7,2,'delete_permission','Can delete permission');
INSERT INTO auth_permission VALUES(8,2,'view_permission','Can view permission');
INSERT INTO auth_permission VALUES(9,3,'add_group','Can add group');
INSERT INTO auth_permission VALUES(10,3,'change_group','Can change group');
INSERT INTO auth_permission VALUES(11,3,'delete_group','Can delete group');
INSERT INTO auth_permission VALUES(12,3,'view_group','Can view group');
INSERT INTO auth_permission VALUES(13,4,'add_contenttype','Can add content type');
INSERT INTO auth_permission VALUES(14,4,'change_contenttype','Can change content type');
INSERT INTO auth_permission VALUES(15,4,'delete_contenttype','Can delete content type');
INSERT INTO auth_permission VALUES(16,4,'view_contenttype','Can view content type');
INSERT INTO auth_permission VALUES(17,5,'add_session','Can add session');
INSERT INTO auth_permission VALUES(18,5,'change_session','Can change session');
INSERT INTO auth_permission VALUES(19,5,'delete_session','Can delete session');
INSERT INTO auth_permission VALUES(20,5,'view_session','Can view session');
INSERT INTO auth_permission VALUES(21,6,'add_usuario','Can add Usuario');
INSERT INTO auth_permission VALUES(22,6,'change_usuario','Can change Usuario');
INSERT INTO auth_permission VALUES(23,6,'delete_usuario','Can delete Usuario');
INSERT INTO auth_permission VALUES(24,6,'view_usuario','Can view Usuario');
INSERT INTO auth_permission VALUES(25,7,'add_regimenfiscal','Can add Régimen Fiscal');
INSERT INTO auth_permission VALUES(26,7,'change_regimenfiscal','Can change Régimen Fiscal');
INSERT INTO auth_permission VALUES(27,7,'delete_regimenfiscal','Can delete Régimen Fiscal');
INSERT INTO auth_permission VALUES(28,7,'view_regimenfiscal','Can view Régimen Fiscal');
INSERT INTO auth_permission VALUES(29,8,'add_cliente','Can add Cliente');
INSERT INTO auth_permission VALUES(30,8,'change_cliente','Can change Cliente');
INSERT INTO auth_permission VALUES(31,8,'delete_cliente','Can delete Cliente');
INSERT INTO auth_permission VALUES(32,8,'view_cliente','Can view Cliente');
INSERT INTO auth_permission VALUES(33,9,'add_proveedor','Can add Proveedor');
INSERT INTO auth_permission VALUES(34,9,'change_proveedor','Can change Proveedor');
INSERT INTO auth_permission VALUES(35,9,'delete_proveedor','Can delete Proveedor');
INSERT INTO auth_permission VALUES(36,9,'view_proveedor','Can view Proveedor');
INSERT INTO auth_permission VALUES(37,10,'add_transportista','Can add Transportista');
INSERT INTO auth_permission VALUES(38,10,'change_transportista','Can change Transportista');
INSERT INTO auth_permission VALUES(39,10,'delete_transportista','Can delete Transportista');
INSERT INTO auth_permission VALUES(40,10,'view_transportista','Can view Transportista');
INSERT INTO auth_permission VALUES(41,11,'add_loteorigen','Can add Lote de Origen');
INSERT INTO auth_permission VALUES(42,11,'change_loteorigen','Can change Lote de Origen');
INSERT INTO auth_permission VALUES(43,11,'delete_loteorigen','Can delete Lote de Origen');
INSERT INTO auth_permission VALUES(44,11,'view_loteorigen','Can view Lote de Origen');
INSERT INTO auth_permission VALUES(45,12,'add_clasificaciongasto','Can add Clasificación de Gasto');
INSERT INTO auth_permission VALUES(46,12,'change_clasificaciongasto','Can change Clasificación de Gasto');
INSERT INTO auth_permission VALUES(47,12,'delete_clasificaciongasto','Can delete Clasificación de Gasto');
INSERT INTO auth_permission VALUES(48,12,'view_clasificaciongasto','Can view Clasificación de Gasto');
INSERT INTO auth_permission VALUES(49,13,'add_centrocosto','Can add Centro de Costo');
INSERT INTO auth_permission VALUES(50,13,'change_centrocosto','Can change Centro de Costo');
INSERT INTO auth_permission VALUES(51,13,'delete_centrocosto','Can delete Centro de Costo');
INSERT INTO auth_permission VALUES(52,13,'view_centrocosto','Can view Centro de Costo');
INSERT INTO auth_permission VALUES(53,14,'add_productoservicio','Can add Producto o Servicio');
INSERT INTO auth_permission VALUES(54,14,'change_productoservicio','Can change Producto o Servicio');
INSERT INTO auth_permission VALUES(55,14,'delete_productoservicio','Can delete Producto o Servicio');
INSERT INTO auth_permission VALUES(56,14,'view_productoservicio','Can view Producto o Servicio');
INSERT INTO auth_permission VALUES(57,15,'add_configuracionsistema','Can add Configuración del Sistema');
INSERT INTO auth_permission VALUES(58,15,'change_configuracionsistema','Can change Configuración del Sistema');
INSERT INTO auth_permission VALUES(59,15,'delete_configuracionsistema','Can delete Configuración del Sistema');
INSERT INTO auth_permission VALUES(60,15,'view_configuracionsistema','Can view Configuración del Sistema');
INSERT INTO auth_permission VALUES(61,16,'add_cultivo','Can add Cultivo');
INSERT INTO auth_permission VALUES(62,16,'change_cultivo','Can change Cultivo');
INSERT INTO auth_permission VALUES(63,16,'delete_cultivo','Can delete Cultivo');
INSERT INTO auth_permission VALUES(64,16,'view_cultivo','Can view Cultivo');
INSERT INTO auth_permission VALUES(65,17,'add_remision','Can add Remisión');
INSERT INTO auth_permission VALUES(66,17,'change_remision','Can change Remisión');
INSERT INTO auth_permission VALUES(67,17,'delete_remision','Can delete Remisión');
INSERT INTO auth_permission VALUES(68,17,'view_remision','Can view Remisión');
INSERT INTO auth_permission VALUES(69,18,'add_remisiondetalle','Can add Detalle de Remisión');
INSERT INTO auth_permission VALUES(70,18,'change_remisiondetalle','Can change Detalle de Remisión');
INSERT INTO auth_permission VALUES(71,18,'delete_remisiondetalle','Can delete Detalle de Remisión');
INSERT INTO auth_permission VALUES(72,18,'view_remisiondetalle','Can view Detalle de Remisión');
INSERT INTO auth_permission VALUES(73,19,'add_cuentabancaria','Can add Cuenta Bancaria');
INSERT INTO auth_permission VALUES(74,19,'change_cuentabancaria','Can change Cuenta Bancaria');
INSERT INTO auth_permission VALUES(75,19,'delete_cuentabancaria','Can delete Cuenta Bancaria');
INSERT INTO auth_permission VALUES(76,19,'view_cuentabancaria','Can view Cuenta Bancaria');
INSERT INTO auth_permission VALUES(77,20,'add_pagoremision','Can add Pago de Remisión');
INSERT INTO auth_permission VALUES(78,20,'change_pagoremision','Can change Pago de Remisión');
INSERT INTO auth_permission VALUES(79,20,'delete_pagoremision','Can delete Pago de Remisión');
INSERT INTO auth_permission VALUES(80,20,'view_pagoremision','Can view Pago de Remisión');
INSERT INTO auth_permission VALUES(81,21,'add_presupuestogasto','Can add Presupuesto de Gasto');
INSERT INTO auth_permission VALUES(82,21,'change_presupuestogasto','Can change Presupuesto de Gasto');
INSERT INTO auth_permission VALUES(83,21,'delete_presupuestogasto','Can delete Presupuesto de Gasto');
INSERT INTO auth_permission VALUES(84,21,'view_presupuestogasto','Can view Presupuesto de Gasto');
INSERT INTO auth_permission VALUES(85,22,'add_presupuesto','Can add Presupuesto');
INSERT INTO auth_permission VALUES(86,22,'change_presupuesto','Can change Presupuesto');
INSERT INTO auth_permission VALUES(87,22,'delete_presupuesto','Can delete Presupuesto');
INSERT INTO auth_permission VALUES(88,22,'view_presupuesto','Can view Presupuesto');
INSERT INTO auth_permission VALUES(89,23,'add_presupuestodetalle','Can add Detalle de Presupuesto');
INSERT INTO auth_permission VALUES(90,23,'change_presupuestodetalle','Can change Detalle de Presupuesto');
INSERT INTO auth_permission VALUES(91,23,'delete_presupuestodetalle','Can delete Detalle de Presupuesto');
INSERT INTO auth_permission VALUES(92,23,'view_presupuestodetalle','Can view Detalle de Presupuesto');
INSERT INTO auth_permission VALUES(93,24,'add_gasto','Can add Gasto');
INSERT INTO auth_permission VALUES(94,24,'change_gasto','Can change Gasto');
INSERT INTO auth_permission VALUES(95,24,'delete_gasto','Can delete Gasto');
INSERT INTO auth_permission VALUES(96,24,'view_gasto','Can view Gasto');
INSERT INTO auth_permission VALUES(97,25,'add_gastodetalle','Can add Detalle de Gasto');
INSERT INTO auth_permission VALUES(98,25,'change_gastodetalle','Can change Detalle de Gasto');
INSERT INTO auth_permission VALUES(99,25,'delete_gastodetalle','Can delete Detalle de Gasto');
INSERT INTO auth_permission VALUES(100,25,'view_gastodetalle','Can view Detalle de Gasto');
INSERT INTO auth_permission VALUES(101,26,'add_emisor','Can add Emisor');
INSERT INTO auth_permission VALUES(102,26,'change_emisor','Can change Emisor');
INSERT INTO auth_permission VALUES(103,26,'delete_emisor','Can delete Emisor');
INSERT INTO auth_permission VALUES(104,26,'view_emisor','Can view Emisor');
INSERT INTO auth_permission VALUES(105,27,'add_factura','Can add Factura');
INSERT INTO auth_permission VALUES(106,27,'change_factura','Can change Factura');
INSERT INTO auth_permission VALUES(107,27,'delete_factura','Can delete Factura');
INSERT INTO auth_permission VALUES(108,27,'view_factura','Can view Factura');
INSERT INTO auth_permission VALUES(109,28,'add_facturadetalle','Can add Detalle de Factura');
INSERT INTO auth_permission VALUES(110,28,'change_facturadetalle','Can change Detalle de Factura');
INSERT INTO auth_permission VALUES(111,28,'delete_facturadetalle','Can delete Detalle de Factura');
INSERT INTO auth_permission VALUES(112,28,'view_facturadetalle','Can view Detalle de Factura');
INSERT INTO auth_permission VALUES(113,29,'add_pagofactura','Can add Pago de Factura');
INSERT INTO auth_permission VALUES(114,29,'change_pagofactura','Can change Pago de Factura');
INSERT INTO auth_permission VALUES(115,29,'delete_pagofactura','Can delete Pago de Factura');
INSERT INTO auth_permission VALUES(116,29,'view_pagofactura','Can view Pago de Factura');
INSERT INTO auth_permission VALUES(117,30,'add_empresa','Can add empresa');
INSERT INTO auth_permission VALUES(118,30,'change_empresa','Can change empresa');
INSERT INTO auth_permission VALUES(119,30,'delete_empresa','Can delete empresa');
INSERT INTO auth_permission VALUES(120,30,'view_empresa','Can view empresa');
INSERT INTO auth_permission VALUES(121,31,'add_usuarioadministracion','Can add usuario administracion');
INSERT INTO auth_permission VALUES(122,31,'change_usuarioadministracion','Can change usuario administracion');
INSERT INTO auth_permission VALUES(123,31,'delete_usuarioadministracion','Can delete usuario administracion');
INSERT INTO auth_permission VALUES(124,31,'view_usuarioadministracion','Can view usuario administracion');
CREATE TABLE IF NOT EXISTS "auth_group" ("id" integer NOT NULL PRIMARY KEY AUTOINCREMENT, "name" varchar(150) NOT NULL UNIQUE);
CREATE TABLE IF NOT EXISTS "usuarios" ("id" integer NOT NULL PRIMARY KEY AUTOINCREMENT, "password" varchar(128) NOT NULL, "last_login" datetime NULL, "is_superuser" bool NOT NULL, "username" varchar(150) NOT NULL UNIQUE, "first_name" varchar(150) NOT NULL, "last_name" varchar(150) NOT NULL, "is_staff" bool NOT NULL, "is_active" bool NOT NULL, "date_joined" datetime NOT NULL, "nombre" varchar(100) NOT NULL, "puesto" varchar(100) NOT NULL, "email" varchar(254) NOT NULL UNIQUE, "is_admin" bool NOT NULL);
INSERT INTO usuarios VALUES(1,'pbkdf2_sha256$1000000$HfFMntaPhBF2Gmg0SCkEOr$STyH7IetSw4VnEFBRBk9Oy1YbNVRXI8rriZMUoMaDhs=','2025-10-01 16:36:33.251360',1,'supervisor','SUPERVISOR','SISTEMA',1,1,'2025-10-01 21:59:54','SUPERVISOR SISTEMA','Administrador','supervisor@directiva.com',1);
CREATE TABLE IF NOT EXISTS "usuarios_groups" ("id" integer NOT NULL PRIMARY KEY AUTOINCREMENT, "usuario_id" bigint NOT NULL REFERENCES "usuarios" ("id") DEFERRABLE INITIALLY DEFERRED, "group_id" integer NOT NULL REFERENCES "auth_group" ("id") DEFERRABLE INITIALLY DEFERRED);
CREATE TABLE IF NOT EXISTS "usuarios_user_permissions" ("id" integer NOT NULL PRIMARY KEY AUTOINCREMENT, "usuario_id" bigint NOT NULL REFERENCES "usuarios" ("id") DEFERRABLE INITIALLY DEFERRED, "permission_id" integer NOT NULL REFERENCES "auth_permission" ("id") DEFERRABLE INITIALLY DEFERRED);
CREATE TABLE IF NOT EXISTS "django_admin_log" ("id" integer NOT NULL PRIMARY KEY AUTOINCREMENT, "object_id" text NULL, "object_repr" varchar(200) NOT NULL, "action_flag" smallint unsigned NOT NULL CHECK ("action_flag" >= 0), "change_message" text NOT NULL, "content_type_id" integer NULL REFERENCES "django_content_type" ("id") DEFERRABLE INITIALLY DEFERRED, "user_id" bigint NOT NULL REFERENCES "usuarios" ("id") DEFERRABLE INITIALLY DEFERRED, "action_time" datetime NOT NULL);
CREATE TABLE IF NOT EXISTS "regimen_fiscal" ("id" integer NOT NULL PRIMARY KEY AUTOINCREMENT, "codigo" varchar(10) NOT NULL UNIQUE, "descripcion" varchar(200) NOT NULL, "activo" bool NOT NULL, "fecha_creacion" datetime NOT NULL, "fecha_modificacion" datetime NOT NULL);
INSERT INTO regimen_fiscal VALUES(391,'601','General de Ley Personas Morales',1,'2025-09-04 22:37:12.259044','2025-09-04 22:37:12.259181');
INSERT INTO regimen_fiscal VALUES(392,'603','Personas Morales con Fines no Lucrativos',1,'2025-09-04 22:37:12.259700','2025-09-04 22:37:12.259707');
INSERT INTO regimen_fiscal VALUES(393,'605','Sueldos y Salarios e Ingresos Asimilados a Salarios',1,'2025-09-04 22:37:12.260078','2025-09-04 22:37:12.260083');
INSERT INTO regimen_fiscal VALUES(394,'606','Arrendamiento',1,'2025-09-04 22:37:12.260433','2025-09-04 22:37:12.260437');
INSERT INTO regimen_fiscal VALUES(395,'608','Demás ingresos',1,'2025-09-04 22:37:12.260765','2025-09-04 22:37:12.260769');
INSERT INTO regimen_fiscal VALUES(396,'610','Residentes en el Extranjero sin Establecimiento Permanente en México',1,'2025-09-04 22:37:12.261115','2025-09-04 22:37:12.261118');
INSERT INTO regimen_fiscal VALUES(397,'611','Ingresos por Dividendos (socios y accionistas)',1,'2025-09-04 22:37:12.261510','2025-09-04 22:37:12.261518');
INSERT INTO regimen_fiscal VALUES(398,'612','Personas Físicas con Actividades Empresariales y Profesionales',1,'2025-09-04 22:37:12.261870','2025-09-04 22:37:12.261874');
INSERT INTO regimen_fiscal VALUES(399,'614','Ingresos por intereses',1,'2025-09-04 22:37:12.262254','2025-09-04 22:37:12.262262');
INSERT INTO regimen_fiscal VALUES(400,'615','Régimen de los ingresos por obtención de premios',1,'2025-09-04 22:37:12.262709','2025-09-04 22:37:12.262712');
INSERT INTO regimen_fiscal VALUES(401,'616','Sin obligaciones fiscales',1,'2025-09-04 22:37:12.263037','2025-09-04 22:37:12.263041');
INSERT INTO regimen_fiscal VALUES(402,'620','Sociedades Cooperativas de Producción que optan por diferir sus ingresos',1,'2025-09-04 22:37:12.263405','2025-09-04 22:37:12.263410');
INSERT INTO regimen_fiscal VALUES(403,'621','Incorporación Fiscal',1,'2025-09-04 22:37:12.263995','2025-09-04 22:37:12.263999');
INSERT INTO regimen_fiscal VALUES(404,'622','Actividades Agrícolas, Ganaderas, Silvícolas y Pesqueras',1,'2025-09-04 22:37:12.264362','2025-09-04 22:37:12.264366');
INSERT INTO regimen_fiscal VALUES(405,'623','Opcional para Grupos de Sociedades',1,'2025-09-04 22:37:12.264719','2025-09-04 22:37:12.264723');
INSERT INTO regimen_fiscal VALUES(406,'624','Coordinados',1,'2025-09-04 22:37:12.265039','2025-09-04 22:37:12.265043');
INSERT INTO regimen_fiscal VALUES(407,'625','Régimen de las Actividades Empresariales con ingresos a través de Plataformas Tecnológicas',1,'2025-09-04 22:37:12.265411','2025-09-04 22:37:12.265418');
INSERT INTO regimen_fiscal VALUES(408,'626','Régimen Simplificado de Confianza',1,'2025-09-04 22:37:12.265891','2025-09-04 22:37:12.265897');
INSERT INTO regimen_fiscal VALUES(409,'628','Hidrocarburos',1,'2025-09-04 22:37:12.266247','2025-09-04 22:37:12.266251');
INSERT INTO regimen_fiscal VALUES(410,'629','De los Regímenes Fiscales Preferentes y de las Empresas Multinacionales',1,'2025-09-04 22:37:12.266551','2025-09-04 22:37:12.266555');
INSERT INTO regimen_fiscal VALUES(411,'630','Enajenación de acciones en bolsa de valores',1,'2025-09-04 22:37:12.266849','2025-09-04 22:37:12.266852');
INSERT INTO regimen_fiscal VALUES(412,'631','Régimen de los ingresos por obtención de premios',1,'2025-09-04 22:37:12.267175','2025-09-04 22:37:12.267180');
CREATE TABLE IF NOT EXISTS "clientes" ("codigo" integer NOT NULL PRIMARY KEY AUTOINCREMENT, "razon_social" varchar(200) NOT NULL, "codigo_postal" varchar(5) NOT NULL, "rfc" varchar(13) NOT NULL UNIQUE, "domicilio" text NOT NULL, "telefono" varchar(15) NOT NULL, "email_principal" varchar(254) NOT NULL, "email_alterno" varchar(254) NULL, "activo" bool NOT NULL, "fecha_creacion" datetime NOT NULL, "fecha_modificacion" datetime NOT NULL, "usuario_creacion_id" bigint NOT NULL REFERENCES "usuarios" ("id") DEFERRABLE INITIALLY DEFERRED, "usuario_modificacion_id" bigint NULL REFERENCES "usuarios" ("id") DEFERRABLE INITIALLY DEFERRED, "regimen_fiscal_id" bigint NOT NULL REFERENCES "regimen_fiscal" ("id") DEFERRABLE INITIALLY DEFERRED, "ciudad" varchar(100) NULL, "direccion_entrega" text NULL, "estado" varchar(100) NULL, "numero_bodega" varchar(50) NULL, "telefono_bodega" varchar(15) NULL);
CREATE TABLE IF NOT EXISTS "proveedores" ("codigo" integer NOT NULL PRIMARY KEY AUTOINCREMENT, "nombre" varchar(200) NOT NULL, "rfc" varchar(13) NOT NULL UNIQUE, "domicilio" text NOT NULL, "activo" bool NOT NULL, "fecha_creacion" datetime NOT NULL, "fecha_modificacion" datetime NOT NULL, "usuario_creacion_id" bigint NOT NULL REFERENCES "usuarios" ("id") DEFERRABLE INITIALLY DEFERRED, "usuario_modificacion_id" bigint NULL REFERENCES "usuarios" ("id") DEFERRABLE INITIALLY DEFERRED);
CREATE TABLE IF NOT EXISTS "transportistas" ("codigo" integer NOT NULL PRIMARY KEY AUTOINCREMENT, "nombre_completo" varchar(200) NOT NULL, "licencia" varchar(50) NOT NULL, "domicilio" text NOT NULL, "telefono" varchar(15) NOT NULL, "tipo_camion" varchar(100) NOT NULL, "placas_unidad" varchar(20) NOT NULL, "placas_remolque" varchar(20) NULL, "activo" bool NOT NULL, "fecha_creacion" datetime NOT NULL, "fecha_modificacion" datetime NOT NULL, "usuario_creacion_id" bigint NOT NULL REFERENCES "usuarios" ("id") DEFERRABLE INITIALLY DEFERRED, "usuario_modificacion_id" bigint NULL REFERENCES "usuarios" ("id") DEFERRABLE INITIALLY DEFERRED);
CREATE TABLE IF NOT EXISTS "lotes_origen" ("codigo" integer NOT NULL PRIMARY KEY AUTOINCREMENT, "nombre" varchar(200) NOT NULL, "observaciones" text NULL, "activo" bool NOT NULL, "fecha_creacion" datetime NOT NULL, "fecha_modificacion" datetime NOT NULL, "usuario_creacion_id" bigint NOT NULL REFERENCES "usuarios" ("id") DEFERRABLE INITIALLY DEFERRED, "usuario_modificacion_id" bigint NULL REFERENCES "usuarios" ("id") DEFERRABLE INITIALLY DEFERRED);
CREATE TABLE IF NOT EXISTS "clasificaciones_gasto" ("codigo" integer NOT NULL PRIMARY KEY AUTOINCREMENT, "descripcion" varchar(200) NOT NULL, "observaciones" text NULL, "activo" bool NOT NULL, "fecha_creacion" datetime NOT NULL, "fecha_modificacion" datetime NOT NULL, "usuario_creacion_id" bigint NOT NULL REFERENCES "usuarios" ("id") DEFERRABLE INITIALLY DEFERRED, "usuario_modificacion_id" bigint NULL REFERENCES "usuarios" ("id") DEFERRABLE INITIALLY DEFERRED);
CREATE TABLE IF NOT EXISTS "centros_costo" ("codigo" integer NOT NULL PRIMARY KEY AUTOINCREMENT, "descripcion" varchar(200) NOT NULL, "hectareas" decimal NOT NULL, "observaciones" text NULL, "activo" bool NOT NULL, "fecha_creacion" datetime NOT NULL, "fecha_modificacion" datetime NOT NULL, "usuario_creacion_id" bigint NOT NULL REFERENCES "usuarios" ("id") DEFERRABLE INITIALLY DEFERRED, "usuario_modificacion_id" bigint NULL REFERENCES "usuarios" ("id") DEFERRABLE INITIALLY DEFERRED);
CREATE TABLE IF NOT EXISTS "productos_servicios" ("codigo" integer NOT NULL PRIMARY KEY AUTOINCREMENT, "sku" varchar(50) NOT NULL UNIQUE, "descripcion" varchar(200) NOT NULL, "producto_servicio" bool NOT NULL, "clave_sat" varchar(20) NOT NULL, "impuesto" varchar(20) NOT NULL, "activo" bool NOT NULL, "fecha_creacion" datetime NOT NULL, "fecha_modificacion" datetime NOT NULL, "usuario_creacion_id" bigint NOT NULL REFERENCES "usuarios" ("id") DEFERRABLE INITIALLY DEFERRED, "usuario_modificacion_id" bigint NULL REFERENCES "usuarios" ("id") DEFERRABLE INITIALLY DEFERRED, "unidad_medida" varchar(50) NOT NULL, impuesto_catalogo_id INTEGER REFERENCES tipo_impuesto(id));
CREATE TABLE IF NOT EXISTS "cultivos" ("codigo" integer NOT NULL PRIMARY KEY AUTOINCREMENT, "nombre" varchar(100) NOT NULL, "variedad" varchar(100) NOT NULL, "observaciones" text NOT NULL, "activo" bool NOT NULL, "fecha_creacion" datetime NOT NULL, "fecha_modificacion" datetime NOT NULL, "usuario_creacion_id" bigint NULL REFERENCES "usuarios" ("id") DEFERRABLE INITIALLY DEFERRED, "usuario_modificacion_id" bigint NULL REFERENCES "usuarios" ("id") DEFERRABLE INITIALLY DEFERRED);
CREATE TABLE IF NOT EXISTS "remisiones_detalles" ("codigo" integer NOT NULL PRIMARY KEY AUTOINCREMENT, "calidad" varchar(20) NOT NULL, "no_arps" integer unsigned NOT NULL CHECK ("no_arps" >= 0), "kgs_enviados" decimal NOT NULL, "merma_arps" integer unsigned NOT NULL CHECK ("merma_arps" >= 0), "kgs_liquidados" decimal NOT NULL, "kgs_merma" decimal NOT NULL, "precio" decimal NOT NULL, "importe_liquidado" decimal NOT NULL, "fecha_creacion" datetime NOT NULL, "fecha_modificacion" datetime NOT NULL, "cultivo_id" integer NOT NULL REFERENCES "cultivos" ("codigo") DEFERRABLE INITIALLY DEFERRED, "remision_id" integer NOT NULL REFERENCES "remisiones" ("codigo") DEFERRABLE INITIALLY DEFERRED, "usuario_creacion_id" bigint NOT NULL REFERENCES "usuarios" ("id") DEFERRABLE INITIALLY DEFERRED, "usuario_modificacion_id" bigint NULL REFERENCES "usuarios" ("id") DEFERRABLE INITIALLY DEFERRED, "peso_promedio" decimal NOT NULL, "fecha_liquidacion" datetime NULL, "usuario_liquidacion_id" bigint NULL REFERENCES "usuarios" ("id") DEFERRABLE INITIALLY DEFERRED);
CREATE TABLE IF NOT EXISTS "remisiones" ("codigo" integer NOT NULL PRIMARY KEY AUTOINCREMENT, "ciclo" varchar(100) NOT NULL, "folio" integer unsigned NOT NULL CHECK ("folio" >= 0), "fecha" date NOT NULL, "costo_flete" decimal NOT NULL, "observaciones" text NULL, "fecha_creacion" datetime NOT NULL, "fecha_modificacion" datetime NOT NULL, "cliente_id" integer NOT NULL REFERENCES "clientes" ("codigo") DEFERRABLE INITIALLY DEFERRED, "lote_origen_id" integer NOT NULL REFERENCES "lotes_origen" ("codigo") DEFERRABLE INITIALLY DEFERRED, "transportista_id" integer NOT NULL REFERENCES "transportistas" ("codigo") DEFERRABLE INITIALLY DEFERRED, "usuario_creacion_id" bigint NOT NULL REFERENCES "usuarios" ("id") DEFERRABLE INITIALLY DEFERRED, "usuario_modificacion_id" bigint NULL REFERENCES "usuarios" ("id") DEFERRABLE INITIALLY DEFERRED, "cancelada" bool NOT NULL, "fecha_cancelacion" datetime NULL, "folio_sustituto" varchar(50) NULL, "motivo_cancelacion" text NULL, "usuario_cancelacion_id" bigint NULL REFERENCES "usuarios" ("id") DEFERRABLE INITIALLY DEFERRED, "facturado" bool NOT NULL, "pagado" bool NOT NULL, "fecha_pago" date NULL);
CREATE TABLE IF NOT EXISTS "django_session" ("session_key" varchar(40) NOT NULL PRIMARY KEY, "session_data" text NOT NULL, "expire_date" datetime NOT NULL);
INSERT INTO django_session VALUES('n57htav36lpv5pjddnu5468gu3qm91ku','eyJlbXByZXNhX2RiIjoiRGlyZWN0aXZhX0RFTU8yNTA5MDFYWFgifQ:1v41gT:cM5AiuKg9B6M_qV2Q5YfALMqQfcVf5HSI-nFV1Bw9Fs','2025-10-15 18:36:13.893468');
INSERT INTO django_session VALUES('wz8l16r27mcvw5p2d15pr2htfdl6grcc','eyJlbXByZXNhX2RiIjoiRGlyZWN0aXZhX0RFTU8yNTA5MDFYWFgifQ:1v45Ie:W_3xL1X46fEMjxgrDW6SZL32dCFRYRnsm6SUH_SNBc0','2025-10-15 16:27:52.374522');
CREATE TABLE IF NOT EXISTS "cuentas_bancarias" ("codigo" integer NOT NULL PRIMARY KEY AUTOINCREMENT, "nombre_banco" varchar(200) NOT NULL, "numero_cuenta" varchar(50) NOT NULL, "nombre_corto" varchar(100) NOT NULL, "activo" bool NOT NULL, "fecha_creacion" datetime NOT NULL, "fecha_modificacion" datetime NOT NULL, "usuario_creacion_id" bigint NOT NULL REFERENCES "usuarios" ("id") DEFERRABLE INITIALLY DEFERRED, "usuario_modificacion_id" bigint NULL REFERENCES "usuarios" ("id") DEFERRABLE INITIALLY DEFERRED);
CREATE TABLE IF NOT EXISTS "core_pagoremision" ("codigo" integer NOT NULL PRIMARY KEY AUTOINCREMENT, "metodo_pago" varchar(20) NOT NULL, "monto" decimal NOT NULL, "fecha_pago" date NOT NULL, "referencia" varchar(100) NULL, "observaciones" text NULL, "activo" bool NOT NULL, "fecha_creacion" datetime NOT NULL, "fecha_modificacion" datetime NOT NULL, "remision_id" integer NOT NULL REFERENCES "remisiones" ("codigo") DEFERRABLE INITIALLY DEFERRED, "usuario_creacion_id" bigint NULL REFERENCES "usuarios" ("id") DEFERRABLE INITIALLY DEFERRED, "usuario_modificacion_id" bigint NULL REFERENCES "usuarios" ("id") DEFERRABLE INITIALLY DEFERRED, "cuenta_bancaria_id" integer NULL REFERENCES "cuentas_bancarias" ("codigo") DEFERRABLE INITIALLY DEFERRED);
CREATE TABLE IF NOT EXISTS "presupuestos_gasto" ("codigo" integer NOT NULL PRIMARY KEY AUTOINCREMENT, "ciclo" varchar(100) NOT NULL, "importe" decimal NOT NULL, "observaciones" text NULL, "activo" bool NOT NULL, "fecha_creacion" datetime NOT NULL, "fecha_modificacion" datetime NOT NULL, "centro_costo_id" integer NOT NULL REFERENCES "centros_costo" ("codigo") DEFERRABLE INITIALLY DEFERRED, "clasificacion_gasto_id" integer NOT NULL REFERENCES "clasificaciones_gasto" ("codigo") DEFERRABLE INITIALLY DEFERRED, "usuario_creacion_id" bigint NOT NULL REFERENCES "usuarios" ("id") DEFERRABLE INITIALLY DEFERRED, "usuario_modificacion_id" bigint NULL REFERENCES "usuarios" ("id") DEFERRABLE INITIALLY DEFERRED);
CREATE TABLE IF NOT EXISTS "presupuestos" ("codigo" integer NOT NULL PRIMARY KEY AUTOINCREMENT, "ciclo" varchar(100) NOT NULL, "observaciones" text NULL, "activo" bool NOT NULL, "fecha_creacion" datetime NOT NULL, "fecha_modificacion" datetime NOT NULL, "centro_costo_id" integer NOT NULL REFERENCES "centros_costo" ("codigo") DEFERRABLE INITIALLY DEFERRED, "usuario_creacion_id" bigint NOT NULL REFERENCES "usuarios" ("id") DEFERRABLE INITIALLY DEFERRED, "usuario_modificacion_id" bigint NULL REFERENCES "usuarios" ("id") DEFERRABLE INITIALLY DEFERRED);
CREATE TABLE IF NOT EXISTS "presupuesto_detalles" ("codigo" integer NOT NULL PRIMARY KEY AUTOINCREMENT, "importe" decimal NOT NULL, "activo" bool NOT NULL, "fecha_creacion" datetime NOT NULL, "fecha_modificacion" datetime NOT NULL, "clasificacion_gasto_id" integer NOT NULL REFERENCES "clasificaciones_gasto" ("codigo") DEFERRABLE INITIALLY DEFERRED, "presupuesto_id" integer NOT NULL REFERENCES "presupuestos" ("codigo") DEFERRABLE INITIALLY DEFERRED, "usuario_creacion_id" bigint NOT NULL REFERENCES "usuarios" ("id") DEFERRABLE INITIALLY DEFERRED, "usuario_modificacion_id" bigint NULL REFERENCES "usuarios" ("id") DEFERRABLE INITIALLY DEFERRED);
CREATE TABLE IF NOT EXISTS "gastos" ("codigo" integer NOT NULL PRIMARY KEY AUTOINCREMENT, "ciclo" varchar(10) NOT NULL, "fecha_gasto" date NOT NULL, "observaciones" text NULL, "activo" bool NOT NULL, "fecha_creacion" datetime NOT NULL, "fecha_modificacion" datetime NOT NULL, "presupuesto_id" integer NOT NULL REFERENCES "presupuestos" ("codigo") DEFERRABLE INITIALLY DEFERRED, "usuario_creacion_id" bigint NOT NULL REFERENCES "usuarios" ("id") DEFERRABLE INITIALLY DEFERRED, "usuario_modificacion_id" bigint NULL REFERENCES "usuarios" ("id") DEFERRABLE INITIALLY DEFERRED);
CREATE TABLE IF NOT EXISTS "gasto_detalles" ("codigo" integer NOT NULL PRIMARY KEY AUTOINCREMENT, "factura" varchar(100) NOT NULL, "concepto" varchar(255) NOT NULL, "importe" decimal NOT NULL, "activo" bool NOT NULL, "fecha_creacion" datetime NOT NULL, "fecha_modificacion" datetime NOT NULL, "clasificacion_gasto_id" integer NOT NULL REFERENCES "clasificaciones_gasto" ("codigo") DEFERRABLE INITIALLY DEFERRED, "gasto_id" integer NOT NULL REFERENCES "gastos" ("codigo") DEFERRABLE INITIALLY DEFERRED, "proveedor_id" integer NOT NULL REFERENCES "proveedores" ("codigo") DEFERRABLE INITIALLY DEFERRED, "usuario_creacion_id" bigint NOT NULL REFERENCES "usuarios" ("id") DEFERRABLE INITIALLY DEFERRED, "usuario_modificacion_id" bigint NULL REFERENCES "usuarios" ("id") DEFERRABLE INITIALLY DEFERRED);
CREATE TABLE IF NOT EXISTS "configuracion_sistema" ("id" integer NOT NULL PRIMARY KEY AUTOINCREMENT, "ciclo_actual" varchar(100) NOT NULL, "nombre_pac" varchar(50) NOT NULL, "contrato" varchar(100) NOT NULL, "usuario_pac" varchar(100) NOT NULL, "password_pac" varchar(100) NOT NULL, "certificado" text NULL, "llave" text NULL, "password_llave" varchar(100) NOT NULL, "fecha_creacion" datetime NOT NULL, "fecha_modificacion" datetime NOT NULL, "usuario_creacion_id" bigint NULL REFERENCES "usuarios" ("id") DEFERRABLE INITIALLY DEFERRED, "usuario_modificacion_id" bigint NULL REFERENCES "usuarios" ("id") DEFERRABLE INITIALLY DEFERRED, "certificado_nombre" varchar(255) NULL, "llave_nombre" varchar(255) NULL, "direccion" text NOT NULL, "razon_social" varchar(200) NOT NULL, "rfc" varchar(13) NOT NULL, "telefono" varchar(15) NOT NULL, "logo_empresa" varchar(100) NULL, "ultima_actualizacion_catalogos" datetime NULL);
INSERT INTO configuracion_sistema VALUES(5,'2025-2026','PRODIGIA','1234567','usuario@directiva.mx','123456','MIIGPTCCBCWgAwIBAgIUMDAwMDEwMDAwMDA3MDkyNzg2OTEwDQYJKoZIhvcNAQELBQAwggGVMTUwMwYDVQQDDCxBQyBERUwgU0VSVklDSU8gREUgQURNSU5JU1RSQUNJT04gVFJJQlVUQVJJQTEuMCwGA1UECgwlU0VSVklDSU8gREUgQURNSU5JU1RSQUNJT04gVFJJQlVUQVJJQTEaMBgGA1UECwwRU0FULUlFUyBBdXRob3JpdHkxMjAwBgkqhkiG9w0BCQEWI3NlcnZpY2lvc2FsY29udHJpYnV5ZW50ZUBzYXQuZ29iLm14MSYwJAYDVQQJDB1Bdi4gSGlkYWxnbyA3NywgQ29sLiBHdWVycmVybzEOMAwGA1UEEQwFMDYzMDAxCzAJBgNVBAYTAk1YMQ0wCwYDVQQIDARDRE1YMRMwEQYDVQQHDApDVUFVSFRFTU9DMRUwEwYDVQQtEwxTQVQ5NzA3MDFOTjMxXDBaBgkqhkiG9w0BCQITTXJlc3BvbnNhYmxlOiBBRE1JTklTVFJBQ0lPTiBDRU5UUkFMIERFIFNFUlZJQ0lPUyBUUklCVVRBUklPUyBBTCBDT05UUklCVVlFTlRFMB4XDTI0MDgwODIzNDE1MFoXDTI4MDgwODIzNDE1MFowgfoxNDAyBgNVBAMTK0pPTUFSTywgTE9HSVNUSUNBIFkgRElTVFJJQlVDSU9ORVMgU0EgREUgQ1YxNDAyBgNVBCkTK0pPTUFSTywgTE9HSVNUSUNBIFkgRElTVFJJQlVDSU9ORVMgU0EgREUgQ1YxNDAyBgNVBAoTK0pPTUFSTywgTE9HSVNUSUNBIFkgRElTVFJJQlVDSU9ORVMgU0EgREUgQ1YxJTAjBgNVBC0THEpMRDE2MDcyN1Q1MiAvIFJPT003MTA3MjFRUTkxHjAcBgNVBAUTFSAvIFJPT003MTA3MjFIU1JNUlMwODEPMA0GA1UECxMGSk9NQVJPMIIBIjANBgkqhkiG9w0BAQEFAAOCAQ8AMIIBCgKCAQEAj00YSXDRZsGj0nThxbw/rXmiUrRJ4iVaQ8DrnMtmKOJ1zg1+GXKTt+6EWm69kMK1cmXe7FCoJ01AM4oAnGAa/rfgthEoTFyDnv4k5aknDwxqHJtCYXNeTzLEhqoPp3l7DKkpi62qFkZwA++nLzC62vDchj1Li8gZxwD82S8idga1uFvmxOpb8uCSCcKlb+ONmRrbiOS4CLun3abMoMEQ2IgS2oGNM7XV5MqIiZ2HrTbFkcwt7e2H/xA8lFfFKbdSJXZuUzwIBBqcz0N7mw8ro3joeGVArLIjXj7+bgLZxseg2GiXrhC9WBQ2eZKFUv5rc3WZCAP8Tz7cC9yspldIowIDAQABox0wGzAMBgNVHRMBAf8EAjAAMAsGA1UdDwQEAwIGwDANBgkqhkiG9w0BAQsFAAOCAgEArbgrcK1ha7OOnec1stgEYM+10fBP7Np+6Jm3HgvSts1Bkn+rIUioyjcc0WOAcTNanac21zILU/tyQ3ecii9d19pJfRYDn93GP02+bTkwalH1ofa07IcDY5KStGsGfMBdNxnMldpwOmQ/SrgJECwvjSbzyWYZoOH7ODErcy/kOKjoxxUu9QsKWBaBgZ7BMRhda/PLaD1CIw2UdOuIP0tLStBZsWeo0noaBBPqlq38Pt6xAVzpiBicZ5bEhHRmlejqXuD3R9vZZu8cOKu0KUb2ZHHI62z2I4lStmRRzR+885bSG0NJhcB2KdgmG+M0mlJpBFw8lTF4XuS8SJzmIvvNffzocFoO0y0xG4J45KrZ3H0NzN8A7eaHn6DjZq+ouxCJjSmpT4sgHvERdjuK9yZihTL+rgb5NIqc4yi+3Rg04cCRDskwTNcRmO0gBFADaq0vbMWqpg3iUUhJm6GNNIrfoizVUxeX8OM8cyRrJRH6GdRS8a2uSRICkZNgFE0+DmwmhQREYwotDuUqxaepKn/CY8cOQKFx1AVJwiHoJETwR8a/EoNYukNVHy0tOq3zC/nnrUXHW274dYqMMb5GUkW4Wyq+W5l1SqSP4dp+G6zIyrGHYMHY1rM7O8fjtqY4rxeBVIFDV50L3tT3WWmTlGoJ0vt8pHDUmWCMbq4CKlMu624=','MIIFDjBABgkqhkiG9w0BBQ0wMzAbBgkqhkiG9w0BBQwwDgQIAgEAAoIBAQACAggAMBQGCCqGSIb3DQMHBAgwggS8AgEAMASCBMi81ip4gaRrtsSc5Tx2Mx4czDOnFNm7jF3RfFHcRecfNUhBADqsZ5RvCbWBMo1ktWU67h7EIGUnAaEI5ZCNbPuXWI9Jv7L5a2MAdpOugVcHFFUxdJJYpQCUMOMHLs481X8OwetemzSfC2cH0IsI4RHgdw/ZZig1igRgND4TWFZL0Os/pIGbC+n0ahohseIcvT5JReh+2r9yuJjvj47DpyNB33Vg4B3kdMqcvqM80t2LrKrs5L5sGSiwpe/vGdqWuxqEdcrRFCVGtiLcnJBv0kUggeDmfBOj0UyY2WBQh9/aAUYj7AWJ8Odl4vNIk/fsCJPkQGwp3uiHs0HWm4wFCnpjvdcssl6MNpTXkgP7FuQyxJ2C/L1qS+Oa73qbDDRXbIOyUE87w23FOaRYiKDpBhiY6GMNezk0xbH7LNNzaE9pUsrIxyCpbmryGwf0D2y1mp1bvZgjZHjxgpOvQOnUrvX6gV+b77nrZLIdODcqzEX45ZX5pa9BgGGP9wWN6WZRjvFVuji5Sr3uO0ZTRTbq5J0rL7VfFTflGTb+RYGrjVfGtDszzEcD7S843QB05oNETxyNHwkT7FM/1i3u67H0OAy+0SRvg5W/G2tgY2ZHmElmHLzOUsp0SoKrWmN2+u4bXX2ZXHtul78WN2Aaw/UoVau93DnDuSLHdo8vxE7yGRjSOOE705/7OVKGPmX5AvpcVLvGPtrK8tdbgXSF5kSflfHlI+X1L+ALvod4Ts02OwOQ/tkq7jrQwIEFCWu6LzjEDAjWSzPN5ed3VYfpUKaoVwJHMHgrtWFxXASd1Q1dsPg046YRRPUQsdvg3OGWvK3ROfpxJQv+qROfnWXYnDVT2r8Wfrb7OUEPanNFNQBkoGFeHE03BbdUgI0JMKXMzYaPb/DOG9gqpAP0nE9M8fviv3etvVb+dLVpyJzHrdfHA6+6vyGC4ciUaWFPPeO0YyTINiJck94NJOgnimR72uAqCeVXIWWciQ3OohhU+qtSKPxfZOLnublyp2HLTguiyjv/UDgwpIG36461QKe6vWtnggvBhzl+vcXOhozw6SqMGHYsRTaWVVazlLMoftp2W3r7EqxyhmY1Nspy4ueQlwkTnXDQsVnd9yrli3mzE5fYm9obVM9/Z9VE/TBfhGEdz3bKmWzSm/1HQkKw1XmPXfQLm98lSpFO20YrXB9Nn3+ftpOlN4dYfFhttoR8F/aC8YUgPXtQXBC2RjZWvJIT7XEOshdwkKlkvuMIByDzTDes+28uMS5JDhRvxut3tqXRtYHynlfgWaZ1RVu4uw5bq5+jODMGBrcm1cxfmYWU3WZlpBiUWGFi7/9UQFBEeCkQSb8l1Yivyrlp+HjzruIQNGkcdqddcEIVe+vUTPyVqYrKQhVitgSmF7TuVzUxxNcfcX0OMESCOYovc5knABUVbGYEjTbY3QzFhvWHrrhbA3jtDvK9Qi635U423fIRR5XNWDP4GHutxu3Xnzz/LPQbjW5XZmaOxkgTEEvx/e2rtPtdkZlTuu80oo3FJDEpJ6UrTxNTyR7QGnCGpB+DGH6svEqhn4wupZ8iQkN4AUsR41rTiSiIH5HPgg8cnKLsSKDcEYcZVW8+pBqyhngZg8/aZAK97YpkerfE7Hnidk4=','123456','2025-09-04 22:56:13.467271','2025-09-23 19:51:15.358621',1,1,'00001000000709278691.cer','JLD160727T52_20240808_163953.key','CD. OBREGÓN, SON.','DAVID ANAYA MARISCAL','AAM940620IA3','6441351366','logos_empresa/logoAgroDam_tOebQmT.png','2025-09-18 21:40:56.914852');
INSERT INTO configuracion_sistema VALUES(6,'2024-2025','Prodigia','PRODIGIA_CONTRATO','prodigia_usuario','prodigia_password',NULL,NULL,'prodigia_llave_password','2025-09-24 22:13:19','2025-09-24 22:13:19',NULL,NULL,NULL,NULL,'Dirección Prodigia Test','Empresa Prodigia Test','PROD123456789','555-1234',NULL,NULL);
INSERT INTO configuracion_sistema VALUES(7,'2024-2025','Prodigia','PRODIGIA_CONTRATO','prodigia_usuario','prodigia_password',NULL,NULL,'prodigia_llave_password','2025-09-24 22:13:31','2025-09-24 22:13:31',NULL,NULL,NULL,NULL,'Dirección Prodigia Test','Empresa Prodigia Test 2','PROD123456789','555-1234',NULL,NULL);
INSERT INTO configuracion_sistema VALUES(8,'2024-2025','Prodigia','PRODIGIA_CONTRATO','prodigia_usuario','prodigia_password',NULL,NULL,'prodigia_llave_password','2025-09-24 22:13:52','2025-09-24 22:13:52',NULL,NULL,NULL,NULL,'Dirección Simple Test','Empresa Simple Test','SIMP123456789','555-1234',NULL,NULL);
INSERT INTO configuracion_sistema VALUES(9,'2024-2025','Prodigia','PRODIGIA_CONTRATO','prodigia_usuario','prodigia_password',NULL,NULL,'prodigia_llave_password','2025-09-24 22:14:08','2025-09-24 22:14:08',NULL,NULL,NULL,NULL,'Dirección Final Test','Empresa Final Test','FINAL123456789','555-1234',NULL,NULL);
INSERT INTO configuracion_sistema VALUES(10,'2024-2025','Prodigia','PRODIGIA_CONTRATO','prodigia_usuario','prodigia_password',NULL,NULL,'prodigia_llave_password','2025-09-24 22:14:41','2025-09-24 22:14:41',NULL,NULL,NULL,NULL,'Dirección Config Test','Empresa Config Test','CONF123456789','555-1234',NULL,NULL);
INSERT INTO configuracion_sistema VALUES(11,'2024-2025','Prodigia','PRODIGIA_CONTRATO','prodigia_usuario','prodigia_password',NULL,NULL,'prodigia_llave_password','2025-09-24 22:14:59','2025-09-24 22:14:59',NULL,NULL,NULL,NULL,'Dirección Final Complete','Empresa Final Complete','FINAL123456789','555-1234',NULL,NULL);
INSERT INTO configuracion_sistema VALUES(12,'2024-2025','Prodigia','PRODIGIA_CONTRATO','prodigia_usuario','prodigia_password',NULL,NULL,'prodigia_llave_password','2025-09-24 22:18:21','2025-09-24 22:18:21',NULL,NULL,NULL,NULL,'Dirección Limpia Test','Empresa Limpia Test','LIMP123456789','555-1234',NULL,NULL);
INSERT INTO configuracion_sistema VALUES(13,'2024-2025','Prodigia','PRODIGIA_CONTRATO','prodigia_usuario','prodigia_password',NULL,NULL,'prodigia_llave_password','2025-09-24 22:19:18','2025-09-24 22:19:18',NULL,NULL,NULL,NULL,'Dirección Real Test','Empresa Real Test','REAL123456789','555-1234',NULL,NULL);
CREATE TABLE IF NOT EXISTS "emisores" ("codigo" integer NOT NULL PRIMARY KEY AUTOINCREMENT, "razon_social" varchar(200) NOT NULL, "rfc" varchar(13) NOT NULL, "codigo_postal" varchar(5) NOT NULL, "archivo_certificado" text NULL, "password_llave" varchar(100) NOT NULL, "activo" bool NOT NULL, "fecha_creacion" datetime NOT NULL, "fecha_modificacion" datetime NOT NULL, "usuario_creacion_id" bigint NOT NULL REFERENCES "usuarios" ("id") DEFERRABLE INITIALLY DEFERRED, "usuario_modificacion_id" bigint NULL REFERENCES "usuarios" ("id") DEFERRABLE INITIALLY DEFERRED, "contrato" varchar(100) NOT NULL, "nombre_pac" varchar(50) NOT NULL, "password_pac" varchar(100) NOT NULL, "usuario_pac" varchar(100) NOT NULL, "timbrado_prueba" bool NOT NULL, "regimen_fiscal" varchar(3) NOT NULL, "serie" varchar(10) NOT NULL, "archivo_llave" text NULL, "nombre_archivo_certificado" varchar(255) NULL, "nombre_archivo_llave" varchar(255) NULL);
CREATE TABLE IF NOT EXISTS "factura_detalles" ("id" integer NOT NULL PRIMARY KEY AUTOINCREMENT, "no_identificacion" varchar(50) NULL, "concepto" varchar(1000) NOT NULL, "precio" decimal NOT NULL, "clave_prod_serv" varchar(20) NOT NULL, "unidad" varchar(20) NOT NULL, "objeto_impuesto" varchar(2) NOT NULL, "importe" decimal NOT NULL, "impuesto_concepto" decimal NOT NULL, "factura_id" integer NOT NULL REFERENCES "facturas" ("folio") DEFERRABLE INITIALLY DEFERRED, "producto_servicio_id" integer NOT NULL REFERENCES "productos_servicios" ("codigo") DEFERRABLE INITIALLY DEFERRED, "clave_unidad" varchar(3) NOT NULL, "descuento" decimal NULL, "cantidad" decimal NOT NULL);
CREATE TABLE IF NOT EXISTS "facturas" ("serie" varchar(25) NULL, "folio" integer NOT NULL PRIMARY KEY AUTOINCREMENT, "fecha_emision" datetime NOT NULL, "lugar_expedicion" varchar(5) NOT NULL, "exportacion" varchar(2) NOT NULL, "metodo_pago" varchar(3) NOT NULL, "moneda" varchar(3) NOT NULL, "forma_pago" varchar(2) NOT NULL, "tipo_cambio" decimal NOT NULL, "subtotal" decimal NOT NULL, "impuesto" decimal NOT NULL, "total" decimal NOT NULL, "fecha_creacion" datetime NOT NULL, "fecha_modificacion" datetime NOT NULL, "emisor_id" integer NOT NULL REFERENCES "emisores" ("codigo") DEFERRABLE INITIALLY DEFERRED, "receptor_id" integer NOT NULL REFERENCES "clientes" ("codigo") DEFERRABLE INITIALLY DEFERRED, "usuario_creacion_id" bigint NOT NULL REFERENCES "usuarios" ("id") DEFERRABLE INITIALLY DEFERRED, "usuario_modificacion_id" bigint NULL REFERENCES "usuarios" ("id") DEFERRABLE INITIALLY DEFERRED, "cancelada" bool NOT NULL, "acuse_cancelacion" text NULL, "errores_validacion" text NULL, "estado_timbrado" varchar(20) NOT NULL, "fecha_cancelacion" datetime NULL, "fecha_timbrado" datetime NULL, "intentos_timbrado" integer unsigned NOT NULL CHECK ("intentos_timbrado" >= 0), "motivo_cancelacion" varchar(500) NULL, "no_cert_sat" varchar(20) NULL, "sello_sat" text NULL, "ultimo_intento" datetime NULL, "uuid" varchar(36) NULL, "xml_original" text NULL, "xml_timbrado" text NULL, "certificado" text NULL, "confirmacion" varchar(2) NULL, "descuento" decimal NULL, "no_certificado" varchar(20) NULL, "sello" text NULL, "tipo_comprobante" varchar(1) NOT NULL, "uso_cfdi" varchar(5) NOT NULL, "año_informacion_global" integer NULL, "meses" varchar(2) NULL, "periodicidad" varchar(2) NULL, "codigo_qr" text NULL, "cadena_original_sat" text NULL);
CREATE TABLE IF NOT EXISTS "pagos_factura" ("id" integer NOT NULL PRIMARY KEY AUTOINCREMENT, "fecha_pago" datetime NOT NULL, "monto_pago" decimal NOT NULL, "tipo_pago" varchar(10) NOT NULL, "referencia_pago" varchar(100) NULL, "observaciones" text NULL, "fecha_creacion" datetime NOT NULL, "fecha_modificacion" datetime NOT NULL, "factura_id" integer NOT NULL REFERENCES "facturas" ("folio") DEFERRABLE INITIALLY DEFERRED, "usuario_registro_id" bigint NOT NULL REFERENCES "usuarios" ("id") DEFERRABLE INITIALLY DEFERRED, "fecha_timbrado" varchar(50) NULL, "no_certificado_sat" varchar(20) NULL, "sello" text NULL, "sello_sat" text NULL, "uuid" varchar(36) NULL, "xml_timbrado" text NULL, "num_parcialidad" integer unsigned NOT NULL CHECK ("num_parcialidad" >= 0), "forma_pago" varchar(2) NOT NULL, "cadena_original_sat" text NULL, "codigo_qr" text NULL);
CREATE TABLE tipo_impuesto (id INTEGER PRIMARY KEY AUTOINCREMENT, codigo varchar(3) NOT NULL, nombre varchar(100) NOT NULL, tasa decimal(6,4) NOT NULL, activo bool DEFAULT 1, fecha_creacion datetime DEFAULT CURRENT_TIMESTAMP, fecha_modificacion datetime DEFAULT CURRENT_TIMESTAMP);
INSERT INTO sqlite_sequence VALUES('django_migrations',78);
INSERT INTO sqlite_sequence VALUES('django_content_type',31);
INSERT INTO sqlite_sequence VALUES('auth_permission',124);
INSERT INTO sqlite_sequence VALUES('auth_group',0);
INSERT INTO sqlite_sequence VALUES('django_admin_log',0);
INSERT INTO sqlite_sequence VALUES('productos_servicios',3);
INSERT INTO sqlite_sequence VALUES('remisiones_detalles',6);
INSERT INTO sqlite_sequence VALUES('remisiones',6);
INSERT INTO sqlite_sequence VALUES('usuarios',6);
INSERT INTO sqlite_sequence VALUES('regimen_fiscal',433);
INSERT INTO sqlite_sequence VALUES('clientes',5);
INSERT INTO sqlite_sequence VALUES('proveedores',2);
INSERT INTO sqlite_sequence VALUES('centros_costo',3);
INSERT INTO sqlite_sequence VALUES('clasificaciones_gasto',3);
INSERT INTO sqlite_sequence VALUES('lotes_origen',3);
INSERT INTO sqlite_sequence VALUES('transportistas',2);
INSERT INTO sqlite_sequence VALUES('cultivos',1);
INSERT INTO sqlite_sequence VALUES('cuentas_bancarias',16);
INSERT INTO sqlite_sequence VALUES('core_pagoremision',13);
INSERT INTO sqlite_sequence VALUES('presupuestos_gasto',1);
INSERT INTO sqlite_sequence VALUES('presupuestos',5);
INSERT INTO sqlite_sequence VALUES('presupuesto_detalles',8);
INSERT INTO sqlite_sequence VALUES('gastos',14);
INSERT INTO sqlite_sequence VALUES('gasto_detalles',14);
INSERT INTO sqlite_sequence VALUES('configuracion_sistema',13);
INSERT INTO sqlite_sequence VALUES('emisores',21);
INSERT INTO sqlite_sequence VALUES('factura_detalles',60);
INSERT INTO sqlite_sequence VALUES('facturas',10033);
INSERT INTO sqlite_sequence VALUES('pagos_factura',53);
CREATE UNIQUE INDEX "django_content_type_app_label_model_76bd3d3b_uniq" ON "django_content_type" ("app_label", "model");
CREATE UNIQUE INDEX "auth_group_permissions_group_id_permission_id_0cd325b0_uniq" ON "auth_group_permissions" ("group_id", "permission_id");
CREATE INDEX "auth_group_permissions_group_id_b120cbf9" ON "auth_group_permissions" ("group_id");
CREATE INDEX "auth_group_permissions_permission_id_84c5c92e" ON "auth_group_permissions" ("permission_id");
CREATE UNIQUE INDEX "auth_permission_content_type_id_codename_01ab375a_uniq" ON "auth_permission" ("content_type_id", "codename");
CREATE INDEX "auth_permission_content_type_id_2f476e4b" ON "auth_permission" ("content_type_id");
CREATE UNIQUE INDEX "usuarios_groups_usuario_id_group_id_a66c5ef3_uniq" ON "usuarios_groups" ("usuario_id", "group_id");
CREATE INDEX "usuarios_groups_usuario_id_1132ca50" ON "usuarios_groups" ("usuario_id");
CREATE INDEX "usuarios_groups_group_id_18c61092" ON "usuarios_groups" ("group_id");
CREATE UNIQUE INDEX "usuarios_user_permissions_usuario_id_permission_id_474b33a5_uniq" ON "usuarios_user_permissions" ("usuario_id", "permission_id");
CREATE INDEX "usuarios_user_permissions_usuario_id_232fd58d" ON "usuarios_user_permissions" ("usuario_id");
CREATE INDEX "usuarios_user_permissions_permission_id_af615ca1" ON "usuarios_user_permissions" ("permission_id");
CREATE INDEX "django_admin_log_content_type_id_c4bce8eb" ON "django_admin_log" ("content_type_id");
CREATE INDEX "django_admin_log_user_id_c564eba6" ON "django_admin_log" ("user_id");
CREATE INDEX "clientes_usuario_creacion_id_98518245" ON "clientes" ("usuario_creacion_id");
CREATE INDEX "clientes_usuario_modificacion_id_2eb31006" ON "clientes" ("usuario_modificacion_id");
CREATE INDEX "clientes_regimen_fiscal_id_c2575dc7" ON "clientes" ("regimen_fiscal_id");
CREATE INDEX "clientes_rfc_48375a_idx" ON "clientes" ("rfc");
CREATE INDEX "clientes_razon_s_6d1478_idx" ON "clientes" ("razon_social");
CREATE INDEX "clientes_activo_1f6d14_idx" ON "clientes" ("activo");
CREATE INDEX "proveedores_usuario_creacion_id_b2f0a788" ON "proveedores" ("usuario_creacion_id");
CREATE INDEX "proveedores_usuario_modificacion_id_dce59724" ON "proveedores" ("usuario_modificacion_id");
CREATE INDEX "proveedores_rfc_669982_idx" ON "proveedores" ("rfc");
CREATE INDEX "proveedores_nombre_4e7949_idx" ON "proveedores" ("nombre");
CREATE INDEX "proveedores_activo_068092_idx" ON "proveedores" ("activo");
CREATE INDEX "transportistas_usuario_creacion_id_1bd60eb8" ON "transportistas" ("usuario_creacion_id");
CREATE INDEX "transportistas_usuario_modificacion_id_e72d030e" ON "transportistas" ("usuario_modificacion_id");
CREATE INDEX "transportis_licenci_0fe8ad_idx" ON "transportistas" ("licencia");
CREATE INDEX "transportis_nombre__130c80_idx" ON "transportistas" ("nombre_completo");
CREATE INDEX "transportis_placas__61e3be_idx" ON "transportistas" ("placas_unidad");
CREATE INDEX "transportis_activo_f2c8fb_idx" ON "transportistas" ("activo");
CREATE INDEX "lotes_origen_usuario_creacion_id_628f24fd" ON "lotes_origen" ("usuario_creacion_id");
CREATE INDEX "lotes_origen_usuario_modificacion_id_1ec68572" ON "lotes_origen" ("usuario_modificacion_id");
CREATE INDEX "lotes_orige_nombre_8131b3_idx" ON "lotes_origen" ("nombre");
CREATE INDEX "lotes_orige_activo_ad30f3_idx" ON "lotes_origen" ("activo");
CREATE INDEX "clasificaciones_gasto_usuario_creacion_id_acb74aec" ON "clasificaciones_gasto" ("usuario_creacion_id");
CREATE INDEX "clasificaciones_gasto_usuario_modificacion_id_1a8365f8" ON "clasificaciones_gasto" ("usuario_modificacion_id");
CREATE INDEX "clasificaci_descrip_e92818_idx" ON "clasificaciones_gasto" ("descripcion");
CREATE INDEX "clasificaci_activo_4e8b21_idx" ON "clasificaciones_gasto" ("activo");
CREATE INDEX "centros_costo_usuario_creacion_id_76d8ff6d" ON "centros_costo" ("usuario_creacion_id");
CREATE INDEX "centros_costo_usuario_modificacion_id_b23238ef" ON "centros_costo" ("usuario_modificacion_id");
CREATE INDEX "centros_cos_descrip_3af6a8_idx" ON "centros_costo" ("descripcion");
CREATE INDEX "centros_cos_activo_4ca146_idx" ON "centros_costo" ("activo");
CREATE INDEX "productos_servicios_usuario_creacion_id_48b2f889" ON "productos_servicios" ("usuario_creacion_id");
CREATE INDEX "productos_servicios_usuario_modificacion_id_d295b259" ON "productos_servicios" ("usuario_modificacion_id");
CREATE INDEX "productos_s_sku_ddc93a_idx" ON "productos_servicios" ("sku");
CREATE INDEX "productos_s_descrip_3d9234_idx" ON "productos_servicios" ("descripcion");
CREATE INDEX "productos_s_product_fa5ceb_idx" ON "productos_servicios" ("producto_servicio");
CREATE INDEX "productos_s_clave_s_83ebe6_idx" ON "productos_servicios" ("clave_sat");
CREATE INDEX "productos_s_activo_d0202b_idx" ON "productos_servicios" ("activo");
CREATE INDEX "cultivos_usuario_creacion_id_78ddb04d" ON "cultivos" ("usuario_creacion_id");
CREATE INDEX "cultivos_usuario_modificacion_id_33627fb7" ON "cultivos" ("usuario_modificacion_id");
CREATE INDEX "remisiones_detalles_cultivo_id_33c521c0" ON "remisiones_detalles" ("cultivo_id");
CREATE INDEX "remisiones_detalles_remision_id_81947758" ON "remisiones_detalles" ("remision_id");
CREATE INDEX "remisiones_detalles_usuario_creacion_id_f63ae257" ON "remisiones_detalles" ("usuario_creacion_id");
CREATE INDEX "remisiones_detalles_usuario_modificacion_id_2c8550c5" ON "remisiones_detalles" ("usuario_modificacion_id");
CREATE INDEX "remisiones__remisio_a66c5b_idx" ON "remisiones_detalles" ("remision_id");
CREATE INDEX "remisiones__cultivo_637993_idx" ON "remisiones_detalles" ("cultivo_id");
CREATE INDEX "remisiones__calidad_f9c377_idx" ON "remisiones_detalles" ("calidad");
CREATE INDEX "remisiones_detalles_usuario_liquidacion_id_975722f1" ON "remisiones_detalles" ("usuario_liquidacion_id");
CREATE UNIQUE INDEX "remisiones_ciclo_folio_3d4e7043_uniq" ON "remisiones" ("ciclo", "folio");
CREATE INDEX "remisiones_cliente_id_49ff0ed3" ON "remisiones" ("cliente_id");
CREATE INDEX "remisiones_lote_origen_id_0188814c" ON "remisiones" ("lote_origen_id");
CREATE INDEX "remisiones_transportista_id_cf95ad50" ON "remisiones" ("transportista_id");
CREATE INDEX "remisiones_usuario_creacion_id_5c8658f8" ON "remisiones" ("usuario_creacion_id");
CREATE INDEX "remisiones_usuario_modificacion_id_883613da" ON "remisiones" ("usuario_modificacion_id");
CREATE INDEX "remisiones_usuario_cancelacion_id_412b2e0a" ON "remisiones" ("usuario_cancelacion_id");
CREATE INDEX "remisiones_ciclo_d6b184_idx" ON "remisiones" ("ciclo", "folio");
CREATE INDEX "remisiones_fecha_697658_idx" ON "remisiones" ("fecha");
CREATE INDEX "remisiones_cliente_eb1548_idx" ON "remisiones" ("cliente_id");
CREATE INDEX "remisiones_lote_or_a06442_idx" ON "remisiones" ("lote_origen_id");
CREATE INDEX "remisiones_transpo_0f0fb8_idx" ON "remisiones" ("transportista_id");
CREATE INDEX "django_session_expire_date_a5c62663" ON "django_session" ("expire_date");
CREATE INDEX "cuentas_bancarias_usuario_creacion_id_38696ed7" ON "cuentas_bancarias" ("usuario_creacion_id");
CREATE INDEX "cuentas_bancarias_usuario_modificacion_id_16485e2d" ON "cuentas_bancarias" ("usuario_modificacion_id");
CREATE INDEX "cuentas_ban_nombre__304a88_idx" ON "cuentas_bancarias" ("nombre_banco");
CREATE INDEX "cuentas_ban_numero__a7969b_idx" ON "cuentas_bancarias" ("numero_cuenta");
CREATE INDEX "cuentas_ban_nombre__013077_idx" ON "cuentas_bancarias" ("nombre_corto");
CREATE INDEX "cuentas_ban_activo_baed7f_idx" ON "cuentas_bancarias" ("activo");
CREATE INDEX "core_pagoremision_remision_id_22ebabb1" ON "core_pagoremision" ("remision_id");
CREATE INDEX "core_pagoremision_usuario_creacion_id_821e3d02" ON "core_pagoremision" ("usuario_creacion_id");
CREATE INDEX "core_pagoremision_usuario_modificacion_id_b0ba4c13" ON "core_pagoremision" ("usuario_modificacion_id");
CREATE INDEX "core_pagoremision_cuenta_bancaria_id_59dcd387" ON "core_pagoremision" ("cuenta_bancaria_id");
CREATE UNIQUE INDEX "presupuestos_gasto_centro_costo_id_clasificacion_gasto_id_ciclo_d70d973d_uniq" ON "presupuestos_gasto" ("centro_costo_id", "clasificacion_gasto_id", "ciclo");
CREATE INDEX "presupuestos_gasto_centro_costo_id_ca2a95ce" ON "presupuestos_gasto" ("centro_costo_id");
CREATE INDEX "presupuestos_gasto_clasificacion_gasto_id_37996f00" ON "presupuestos_gasto" ("clasificacion_gasto_id");
CREATE INDEX "presupuestos_gasto_usuario_creacion_id_ac4a1629" ON "presupuestos_gasto" ("usuario_creacion_id");
CREATE INDEX "presupuestos_gasto_usuario_modificacion_id_521c6881" ON "presupuestos_gasto" ("usuario_modificacion_id");
CREATE INDEX "presupuesto_centro__80c89d_idx" ON "presupuestos_gasto" ("centro_costo_id", "ciclo");
CREATE INDEX "presupuesto_ciclo_1f3f8d_idx" ON "presupuestos_gasto" ("ciclo");
CREATE INDEX "presupuesto_activo_5a4c84_idx" ON "presupuestos_gasto" ("activo");
CREATE INDEX "presupuesto_centro__b3ca24_idx" ON "presupuestos" ("centro_costo_id", "ciclo");
CREATE INDEX "presupuesto_ciclo_178382_idx" ON "presupuestos" ("ciclo");
CREATE INDEX "presupuesto_activo_888055_idx" ON "presupuestos" ("activo");
CREATE UNIQUE INDEX "presupuestos_centro_costo_id_ciclo_ddefd2e1_uniq" ON "presupuestos" ("centro_costo_id", "ciclo");
CREATE INDEX "presupuesto_presupu_1b9751_idx" ON "presupuesto_detalles" ("presupuesto_id");
CREATE INDEX "presupuesto_clasifi_f37f99_idx" ON "presupuesto_detalles" ("clasificacion_gasto_id");
CREATE INDEX "presupuesto_activo_4a5ee0_idx" ON "presupuesto_detalles" ("activo");
CREATE UNIQUE INDEX "presupuesto_detalles_presupuesto_id_clasificacion_gasto_id_acd12eb2_uniq" ON "presupuesto_detalles" ("presupuesto_id", "clasificacion_gasto_id");
CREATE INDEX "presupuestos_centro_costo_id_ffbabb1c" ON "presupuestos" ("centro_costo_id");
CREATE INDEX "presupuestos_usuario_creacion_id_0705ce24" ON "presupuestos" ("usuario_creacion_id");
CREATE INDEX "presupuestos_usuario_modificacion_id_9e68dab9" ON "presupuestos" ("usuario_modificacion_id");
CREATE INDEX "presupuesto_detalles_clasificacion_gasto_id_095aa86d" ON "presupuesto_detalles" ("clasificacion_gasto_id");
CREATE INDEX "presupuesto_detalles_presupuesto_id_58485313" ON "presupuesto_detalles" ("presupuesto_id");
CREATE INDEX "presupuesto_detalles_usuario_creacion_id_8bbb062c" ON "presupuesto_detalles" ("usuario_creacion_id");
CREATE INDEX "presupuesto_detalles_usuario_modificacion_id_dbe6a4a3" ON "presupuesto_detalles" ("usuario_modificacion_id");
CREATE INDEX "gastos_presupu_5346b6_idx" ON "gastos" ("presupuesto_id", "ciclo");
CREATE INDEX "gastos_fecha_g_cb5346_idx" ON "gastos" ("fecha_gasto");
CREATE INDEX "gastos_activo_42870b_idx" ON "gastos" ("activo");
CREATE INDEX "gasto_detal_gasto_i_0fa69d_idx" ON "gasto_detalles" ("gasto_id");
CREATE INDEX "gasto_detal_proveed_4e6c40_idx" ON "gasto_detalles" ("proveedor_id");
CREATE INDEX "gasto_detal_factura_91c7fd_idx" ON "gasto_detalles" ("factura");
CREATE INDEX "gasto_detal_activo_c380e1_idx" ON "gasto_detalles" ("activo");
CREATE INDEX "gastos_presupuesto_id_58ac37f5" ON "gastos" ("presupuesto_id");
CREATE INDEX "gastos_usuario_creacion_id_395d7110" ON "gastos" ("usuario_creacion_id");
CREATE INDEX "gastos_usuario_modificacion_id_3d2d4a4a" ON "gastos" ("usuario_modificacion_id");
CREATE INDEX "gasto_detalles_clasificacion_gasto_id_125305ff" ON "gasto_detalles" ("clasificacion_gasto_id");
CREATE INDEX "gasto_detalles_gasto_id_755f955e" ON "gasto_detalles" ("gasto_id");
CREATE INDEX "gasto_detalles_proveedor_id_ea7db568" ON "gasto_detalles" ("proveedor_id");
CREATE INDEX "gasto_detalles_usuario_creacion_id_496a05ed" ON "gasto_detalles" ("usuario_creacion_id");
CREATE INDEX "gasto_detalles_usuario_modificacion_id_7db26009" ON "gasto_detalles" ("usuario_modificacion_id");
CREATE INDEX "configuracion_sistema_usuario_creacion_id_036a41e4" ON "configuracion_sistema" ("usuario_creacion_id");
CREATE INDEX "configuracion_sistema_usuario_modificacion_id_70b69eb5" ON "configuracion_sistema" ("usuario_modificacion_id");
CREATE INDEX "emisores_usuario_creacion_id_f7ffe3c1" ON "emisores" ("usuario_creacion_id");
CREATE INDEX "emisores_usuario_modificacion_id_e78f7c63" ON "emisores" ("usuario_modificacion_id");
CREATE INDEX "emisores_rfc_8659b0_idx" ON "emisores" ("rfc");
CREATE INDEX "emisores_razon_s_d5d49d_idx" ON "emisores" ("razon_social");
CREATE INDEX "emisores_activo_209d53_idx" ON "emisores" ("activo");
CREATE INDEX "factura_detalles_factura_id_af533a30" ON "factura_detalles" ("factura_id");
CREATE INDEX "factura_detalles_producto_servicio_id_b57142f2" ON "factura_detalles" ("producto_servicio_id");
CREATE INDEX "factura_det_factura_81d21b_idx" ON "factura_detalles" ("factura_id");
CREATE INDEX "factura_det_clave_p_b2a196_idx" ON "factura_detalles" ("clave_prod_serv");
CREATE INDEX "factura_det_objeto__f48559_idx" ON "factura_detalles" ("objeto_impuesto");
CREATE UNIQUE INDEX "facturas_serie_folio_3362d0d4_uniq" ON "facturas" ("serie", "folio");
CREATE INDEX "facturas_emisor_id_3efb8fb1" ON "facturas" ("emisor_id");
CREATE INDEX "facturas_receptor_id_cbe15469" ON "facturas" ("receptor_id");
CREATE INDEX "facturas_usuario_creacion_id_a67ce2a8" ON "facturas" ("usuario_creacion_id");
CREATE INDEX "facturas_usuario_modificacion_id_7dbb4a78" ON "facturas" ("usuario_modificacion_id");
CREATE INDEX "facturas_serie_583a53_idx" ON "facturas" ("serie", "folio");
CREATE INDEX "facturas_fecha_e_2669a7_idx" ON "facturas" ("fecha_emision");
CREATE INDEX "facturas_emisor__a4b343_idx" ON "facturas" ("emisor_id");
CREATE INDEX "facturas_recepto_d098e8_idx" ON "facturas" ("receptor_id");
CREATE INDEX "facturas_uuid_a5ed0b_idx" ON "facturas" ("uuid");
CREATE INDEX "facturas_estado__7cb2cc_idx" ON "facturas" ("estado_timbrado");
CREATE INDEX "facturas_fecha_t_b595d3_idx" ON "facturas" ("fecha_timbrado");
CREATE INDEX "facturas_cancela_f63b14_idx" ON "facturas" ("cancelada");
CREATE INDEX "facturas_tipo_co_fe100c_idx" ON "facturas" ("tipo_comprobante");
CREATE INDEX "facturas_exporta_a41794_idx" ON "facturas" ("exportacion");
CREATE INDEX "pagos_factura_factura_id_04ad2184" ON "pagos_factura" ("factura_id");
CREATE INDEX "pagos_factura_usuario_registro_id_0b026e49" ON "pagos_factura" ("usuario_registro_id");
COMMIT;
